step	exit	start_utc	end_utc
prepare-format	0	preparation	complete
prepare-firmware-format	0	preparation	complete
environment	0	2026-10-10T11:51:05Z	2026-10-10T11:51:05Z
prepare-gpio	0	2026-10-10T11:51:05Z	2026-10-10T11:54:24Z
freeze	0	2026-10-10T11:54:24Z	2026-10-10T11:54:26Z
native-tools	101	2026-10-10T11:54:26Z	2026-10-10T11:54:34Z
native-bundle	0	2026-10-10T11:54:34Z	2026-10-10T11:54:44Z
runtime-gpio-vertical	0	2026-10-10T11:54:44Z	2026-10-10T11:54:51Z
f401-adapter	0	2026-10-10T11:54:51Z	2026-10-10T11:55:03Z
firmware-link	101	2026-10-10T11:55:03Z	2026-10-10T11:55:29Z
clippy	101	2026-10-10T11:55:29Z	2026-10-10T11:56:47Z
firmware-clippy	0	2026-10-10T11:56:47Z	2026-10-10T11:56:56Z
cross-warnings	0	2026-10-10T11:56:56Z	2026-10-10T12:05:24Z
supply-chain	1	2026-10-10T12:05:24Z	2026-10-10T12:05:29Z
architecture	0	2026-10-10T12:05:29Z	2026-10-10T12:05:40Z
diagrams	0	2026-10-10T12:05:40Z	2026-10-10T12:05:43Z
diagram-drift	0	2026-10-10T12:05:43Z	2026-10-10T12:05:43Z
format-check	0	2026-10-10T12:05:43Z	2026-10-10T12:05:46Z
firmware-format-check	0	2026-10-10T12:05:46Z	2026-10-10T12:05:50Z
diff-check	0	2026-10-10T12:05:50Z	2026-10-10T12:05:50Z
pack	0	2026-10-10T12:05:50Z	2026-10-10T12:05:50Z
artifact-parity	0	2026-10-10T12:05:50Z	2026-10-10T12:05:50Z
