step	class	status	exit	start	end
environment	required	PASS	0	2026-10-10T18:21:44Z	2026-10-10T18:21:44Z
preflight	required	PASS	0	-	-
staged-index	required	PASS	0	2026-10-10T18:21:44Z	2026-10-10T18:21:45Z
format-prepare	required	PASS	0	2026-10-10T18:21:45Z	2026-10-10T18:21:51Z
unsafe-location-refresh	required	PASS	0	2026-10-10T18:21:51Z	2026-10-10T18:21:51Z
provenance-refresh	advisory	PASS	0	2026-10-10T18:21:51Z	2026-10-10T18:21:52Z
fixture-inputs	required	PASS	0	2026-10-10T18:21:52Z	2026-10-10T18:21:52Z
lock-parity	required	PASS	0	2026-10-10T18:21:52Z	2026-10-10T18:21:52Z
freeze-source	required	PASS	0	2026-10-10T18:21:52Z	2026-10-10T18:21:53Z
freeze-context	required	PASS	0	2026-10-10T18:21:53Z	2026-10-10T18:21:53Z
core-all-features	required	PASS	0	2026-10-10T18:23:14Z	2026-10-10T18:23:27Z
core-portable	required	PASS	0	2026-10-10T18:23:27Z	2026-10-10T18:23:39Z
core-i686	required	PASS	0	2026-10-10T18:23:39Z	2026-10-10T18:23:44Z
f401-core	required	PASS	0	2026-10-10T18:23:44Z	2026-10-10T18:23:47Z
c6-core	required	PASS	0	2026-10-10T18:23:47Z	2026-10-10T18:23:49Z
f401-features	required	PASS	0	2026-10-10T18:23:49Z	2026-10-10T18:23:50Z
c6-features	required	PASS	0	2026-10-10T18:23:50Z	2026-10-10T18:23:50Z
runtime-unit	required	PASS	0	2026-10-10T18:23:50Z	2026-10-10T18:25:25Z
runtime-integration	required	PASS	0	2026-10-10T18:25:25Z	2026-10-10T18:26:29Z
native-tools	required	PASS	0	2026-10-10T18:26:29Z	2026-10-10T18:26:33Z
native-bundle	required	PASS	0	2026-10-10T18:26:33Z	2026-10-10T18:26:37Z
f401-adapter	required	PASS	0	2026-10-10T18:26:37Z	2026-10-10T18:26:38Z
inspect	required	UNRUN	prerequisite	-	-
affected-clippy	required	FAIL	101	2026-10-10T18:26:38Z	2026-10-10T18:26:45Z
portable-clippy	required	FAIL	101	2026-10-10T18:26:45Z	2026-10-10T18:26:50Z
firmware-clippy	required	PASS	0	2026-10-10T18:26:50Z	2026-10-10T18:26:55Z
cross-warnings	required	PASS	0	2026-10-10T18:26:55Z	2026-10-10T18:27:51Z
supply-chain	required	PASS	0	2026-10-10T18:27:51Z	2026-10-10T18:28:00Z
provenance-helper-tests	required	PASS	0	2026-10-10T18:28:00Z	2026-10-10T18:28:00Z
metadata-index	required	PASS	0	2026-10-10T18:28:00Z	2026-10-10T18:28:01Z
mutation-tooling	required	PASS	0	2026-10-10T18:28:01Z	2026-10-10T18:28:01Z
mutation-contracts	required	PASS	0	2026-10-10T18:28:01Z	2026-10-10T18:28:04Z
metadata	advisory	PASS	0	2026-10-10T18:28:04Z	2026-10-10T18:28:36Z
architecture	required	PASS	0	2026-10-10T18:28:36Z	2026-10-10T18:28:44Z
diagrams	required	PASS	0	2026-10-10T18:28:44Z	2026-10-10T18:28:47Z
diagram-drift	required	PASS	0	2026-10-10T18:28:47Z	2026-10-10T18:28:47Z
format-check	required	PASS	0	2026-10-10T18:28:47Z	2026-10-10T18:28:53Z
diff-check	required	PASS	0	2026-10-10T18:28:53Z	2026-10-10T18:28:53Z
pack	required	PASS	0	2026-10-10T18:28:53Z	2026-10-10T18:28:53Z
artifact-parity	required	PASS	0	2026-10-10T18:28:53Z	2026-10-10T18:28:54Z
