step	class	exit
portable-native	required	0
portable-i686	required	0
f401-core	required	0
f401-features	required	0
c6-core	required	0
c6-features	required	0
firmware-tests	required	0
f401-adapter	required	0
firmware-clippy	required	0
msrv	required	0
rust-docs	required	0
gate-tooling	required	0
path-hygiene	required	0
iec-paths	required	0
xtask-windows	required	0
lsp-windows	required	0
fragment-format	required	0
diagram-drift	required	0
retained-evidence	required	0
metadata	advisory	0
final-clean	required	0
