step	class	status	exit
preflight	required	PASS	0
staged-index	required	PASS	0
format-prepare	required	PASS	0
allocator-site-line-parity	required	PASS	0
provenance-helper-tests	required	PASS	0
provenance-refresh	advisory	PASS	0
source-fixtures	required	FAIL	101
original-fixture-parity	required	UNRUN	prerequisite
saved-numeric-fixture	required	UNRUN	prerequisite
freeze-source	required	PASS	0
core-all-features	required	FAIL	101
core-portable	required	FAIL	101
core-i686	required	FAIL	101
f401-core	required	FAIL	101
c6-core	required	FAIL	101
f401-features	required	PASS	0
c6-features	required	PASS	0
runtime-unit	required	FAIL	101
runtime-integration	required	FAIL	101
metadata-index	required	PASS	0
mutation-tooling	required	PASS	0
mutation-contracts	required	PASS	0
affected-clippy	required	FAIL	101
runtime-cross-warnings	required	FAIL	101
supply-chain	required	PASS	0
architecture	required	PASS	0
diagrams	required	PASS	0
diagram-drift	required	PASS	0
format-check	required	PASS	0
diff-integrity	required	PASS	0
metadata	advisory	PASS	0
